{
    "mean": [
        0.5315222565836072,
        0.5033756330019626,
        0.33414803973609863
    ],
    "var": [
        0.24900634736167754,
        0.24998860512363064,
        0.15856128432523123
    ],
    "epsilon": 1e-08,
    "clip_obs": 10.0
}