{
    "mean": [
        0.4996649609660862,
        0.5033284980636898,
        0.10160189615044815,
        2.999999999714455
    ],
    "var": [
        0.2499996497449662,
        0.24998780561298206,
        0.05687711489483575,
        9.518153019721194e-10
    ],
    "epsilon": 1e-08,
    "clip_obs": 10.0
}